module,submodule,id,question,tags,answer
LLM基础与训练,训练全景,LLM-B01,大模型（LLM）整体是怎么训练出来的？从数据、目标函数到训练流程分别是什么？,"pretrain,objective,pipeline","大模型的训练分为三个核心阶段：数据准备、目标函数设计和训练流程。

数据方面，主要使用海量、多样、高质量的公开文本语料，如网页、书籍、代码、百科等；需经过去重、过滤低质内容、脱敏、语言识别、分词预处理，并按比例混合不同语种和领域数据，确保分布合理与安全性。

目标函数采用自回归语言建模（Autoregressive LM），即最大化序列的条件概率乘积，等价于最小化下一个token的交叉熵损失。这是无监督的生成式目标，不依赖人工标注标签。

训练流程通常分两步：先进行大规模预训练（Pretraining），在超大规模算力集群上用混合精度分布式训练持续数周至数月；再根据下游任务需求，可选监督微调（SFT）、奖励建模与强化学习（RLHF）或直接部署。整个过程高度依赖工程优化，包括梯度检查点、ZeRO优化、FlashAttention等技术以支撑百亿/千亿参数规模的稳定训练。"
LLM基础与训练,Transformer基础,LLM-B02,Transformer 架构核心模块是什么？Self-Attention/FFN/Residual/LayerNorm 分别解决什么问题？,"transformer,attention","Transformer的核心模块是Self-Attention和前馈神经网络（FFN），配合残差连接（Residual）与层归一化（LayerNorm）构成基本编码器/解码器层。

Self-Attention解决长程依赖建模问题，通过计算词元间全局注意力权重，实现上下文感知的动态表征，克服RNN/CNN的局部性或序列长度限制。

FFN解决特征非线性变换与升维表达问题，在注意力输出后引入独立的两层全连接映射，增强模型表达能力。

Residual连接缓解深层网络训练中的梯度消失与退化问题，使信息与梯度可跨层直通，支撑更深架构稳定优化。

LayerNorm解决内部协变量偏移问题，对每层输入沿特征维度归一化，提升训练稳定性与收敛速度，适配变长序列输入。"
LLM基础与训练,编码器解码器,LLM-B03,Transformer 的 Encoder / Decoder 各自结构与作用是什么？典型应用场景有哪些差异？,encoder-decoder,"Transformer 的 Encoder 由多层相同结构堆叠而成，每层包含多头自注意力机制和前馈神经网络，中间配有残差连接与层归一化。其作用是对输入序列进行双向上下文建模，提取富含语义的静态表征，不依赖位置顺序的显式建模（通过位置编码引入序信息）。

Decoder 同样由多层堆叠，但每层包含三部分：掩码多头自注意力（确保预测时仅依赖已生成内容）、编码器-解码器交叉注意力（融合 Encoder 输出）、以及前馈网络，同样含残差连接与层归一化。其作用是自回归地生成目标序列，具备单向因果约束。

应用场景差异显著：Encoder 主要用于理解类任务，如文本分类、命名实体识别、句子匹配等，典型模型如 BERT；Decoder 主要用于生成类任务，如机器翻译、文本摘要、对话生成等，典型模型如 GPT 系列；而 Encoder-Decoder 架构则适用于需输入输出映射的任务，如标准 Transformer 原始模型做翻译、语音识别、代码生成等。"
LLM基础与训练,架构取舍,LLM-B04,Decoder-only（GPT 类）为何适合生成？与 Encoder-Decoder（T5/BART 类）的权衡点是什么？,"architecture,tradeoff","Decoder-only架构适合生成，因其天然建模自回归概率分布 p(x_t | x_{<t})，通过单向注意力确保预测时无信息泄露，推理高效、解码流程简洁，且大规模预训练后对长程依赖和语言规律建模能力强。

Encoder-Decoder架构则显式分离理解与生成：encoder编码输入上下文，decoder基于该表示生成目标序列，天然支持输入输出不对称任务（如翻译、摘要），对噪声鲁棒性更强，可控性更高（如通过encoder输入指令或结构化提示）。

核心权衡点在于：Decoder-only更简单、可扩展性强、生成流畅度高，但缺乏对输入的显式结构化理解，难以精准遵循复杂约束；Encoder-Decoder灵活性与可控性更好，但模型更重、训练推理开销大，且需精心设计输入输出格式。实际选择取决于任务特性——开放生成倾向Decoder-only，有明确输入依赖或需强可控性的任务倾向Encoder-Decoder。"
LLM基础与训练,工具调用训练,LLM-B05,Function Call（工具调用）能力是怎么“训练”出来的？SFT / RLHF / 任务数据构造分别怎么做？,"function-calling,sft,rlhf","Function Call能力主要通过三阶段训练实现：  
第一阶段是监督微调（SFT）：构造高质量的工具调用指令数据，每条样本包含用户请求、可选工具描述（含名称、参数、用途）、模型应生成的标准调用格式（如JSON或特定标记），确保模型学会准确识别意图、选择工具、填充参数；数据来源包括人工编写、合成生成（基于API文档+场景模板）和少量真实日志脱敏清洗。  

第二阶段是奖励建模与RLHF：构建偏好数据，对同一请求下不同调用结果（正确/错误/冗余/遗漏）进行人工标注排序，训练奖励模型；再用PPO等算法优化策略，重点提升调用准确性、必要性和格式合规性，抑制幻觉调用和无效调用。  

第三阶段是任务数据构造的关键设计：强调工具感知的上下文建模，如显式注入工具文档、支持多步调用链、引入拒绝调用样本（当无需工具时），并覆盖边界情况（参数缺失、模糊请求、工具不可用等）。整个过程以“可执行性”为评估核心，最终能力依赖于数据质量、格式一致性与强化信号的精准性。"
LLM基础与训练,工具对齐,LLM-B06,Function Call 的“对齐目标”是什么？如何避免胡乱编参、乱选工具、工具幻觉？,"alignment,tool-hallucination","Function Call 的“对齐目标”是确保模型调用工具的行为严格服务于用户真实意图，即参数准确、工具恰当、结果可验证、过程可追溯。

避免胡乱编参、乱选工具和工具幻觉，需坚持三原则：  
第一，意图驱动——先完整理解用户请求，明确输入、输出、约束和成功标准，再反推所需工具及必要参数；  
第二，参数最小化与确定性——只传必需参数，拒绝推测缺失值，对不确定字段主动拒答或澄清，不补全、不假设；  
第三，工具调用可验证——所选工具必须有明确定义的输入输出契约，调用前校验参数类型与范围，调用后检查返回是否符合预期，异常时降级处理而非强行解释。

本质是把 Function Call 视为受控的确定性接口调用，而非生成式自由发挥。"
LLM基础与训练,微调方法,LLM-B07,常见微调方案有哪些？（SFT、LoRA/QLoRA、DPO/IPO、PPO、RLAIF、蒸馏）,"finetune,lora,dpo,rlhf",常见微调方案包括：监督微调（SFT），适用于指令对齐与任务适配；LoRA及量化版QLoRA，通过低秩分解高效更新参数，显著降低显存与计算开销；直接偏好优化（DPO）和隐式偏好优化（IPO），基于人类反馈偏好数据实现无需强化学习的对齐优化；近端策略优化（PPO），结合奖励模型进行端到端强化学习训练；RLAIF（基于AI反馈的强化学习），用AI模型替代人工标注偏好，提升反馈可扩展性；知识蒸馏，将大模型能力迁移至小模型，常用于模型压缩与部署优化。各方法在目标、资源消耗与对齐效果上各有侧重，需依场景权衡选择。
LLM基础与训练,微调实操,LLM-B08,微调的关键超参有哪些？如何判断过拟合/灾难性遗忘？,"hyperparam,overfit,forgetting","微调的关键超参包括：学习率（最关键，通常比预训练小1~2个数量级）、批量大小、训练轮数（epochs）、权重衰减、学习率调度策略（如线性预热+衰减）、梯度裁剪阈值。

判断过拟合：验证集损失上升或准确率下降，而训练集指标持续提升；模型在验证集上表现明显差于训练集。

判断灾难性遗忘：在原始预训练任务（如通用语言理解）或保留集（held-out pretrain tasks）上性能显著下降，同时新任务性能提升；典型表现为模型失去泛化能力或基础语言能力退化（如完形填空、语法判断等基础指标下滑）。实践中常通过保留一小部分预训练分布样本作为遗忘监测集来量化评估。"
LLM基础与训练,项目经验表达,LLM-B09,“你自己做过没有？”——从项目角度如何说明你做过的训练/微调/对齐经验与难点？,"interview,experience",我主导过多个LLM微调与对齐项目。例如，在金融客服场景中，基于Qwen-7B进行监督微调（SFT）和DPO对齐：先用2万条高质量人工标注的问答对优化指令遵循能力；再构建偏好数据集，通过DPO端到端优化回复的安全性与专业性。关键难点在于领域术语一致性不足和偏好数据稀疏——我们通过术语词典约束解码+专家抽样扩增偏好对，使业务指标（准确率、拒答率）提升18%。所有训练 pipeline 均自研，覆盖数据清洗、LoRA高效微调、多阶段对齐验证及离线/在线AB评估闭环。
LLM基础与训练,分词器,LLM-B10,分词器（Tokenizer）是什么？BPE/WordPiece/Unigram 的差别与取舍？,"tokenizer,bpe","分词器是将原始文本切分为模型可处理的子词单元（tokens）的工具，是NLP预处理的关键环节。  
BPE基于贪心合并策略，从字符级开始，迭代合并高频相邻子词对；优点是简单高效、压缩率高，但合并顺序依赖训练语料分布，可能产生不合理的长词片段。  
WordPiece类似BPE，但合并标准为最大化句子概率（即提升联合概率），更关注上下文适应性，被BERT采用；对OOV鲁棒，但训练更复杂。  
Unigram采用概率化生成式建模，假设每个token序列由独立同分布的子词生成，通过EM算法优化子词集；支持多粒度切分与置信度评估，利于控制词汇表大小和泛化性，但推理时需维特比解码，速度稍慢。  

取舍上：BPE适合资源受限、追求效率的场景；WordPiece在平衡性能与实现复杂度上更优，适配掩码语言建模；Unigram灵活性最强，适合多语言、低资源或需显式控制分词不确定性的任务。实际选择需权衡语种特性、数据规模、延迟要求与下游任务特性。"
LLM基础与训练,分词影响,LLM-B11,为什么分词会影响中英文、代码、专业术语效果？如何诊断 tokenizer 问题？,"tokenizer,diagnosis","分词影响效果的核心在于：中文无天然空格分隔，依赖规则或模型切分，易产生歧义；英文虽有空格，但子词切分（如Byte-Pair Encoding）可能割裂构词成分，损害语义完整性；代码和专业术语通常含特殊符号、大小写敏感、长命名，通用tokenizer常错误拆分，导致信息丢失或OOV。

诊断tokenizer问题的方法包括：  
1. 可视化分词结果，检查关键术语是否被异常切分；  
2. 统计OOV率及高频未登录词，定位领域适配缺口；  
3. 对比原始文本与分词后ID序列的长度膨胀比，识别过度切分；  
4. 在下游任务中做消融实验——替换为字粒度/词典增强/领域微调的tokenizer，观察指标变化；  
5. 构建最小测试集（含典型中英文混合句、函数名、化学式等），人工验证切分合理性。"
LLM基础与训练,Embedding,LLM-B12,Embedding 是什么？Token Embedding / Position Embedding / RoPE 等分别在做什么？,"embedding,rope","Embedding 是将离散符号（如词、字、token）映射为连续向量的可学习参数，使模型能以数值方式表征语义和结构信息。

Token Embedding 将每个输入 token（如子词或字）映射为固定维度的语义向量，承载词汇层面的含义。

Position Embedding 为每个位置添加唯一向量，显式注入序列顺序信息，弥补 Transformer 自注意力本身不具备位置感知的缺陷。

RoPE（Rotary Position Embedding）通过旋转矩阵将位置信息融入 query 和 key 的内积计算中，使相对位置关系在注意力分数中自然体现，具备外推性强、解耦性好、计算高效等优势。"
LLM基础与训练,Embedding工程,LLM-B13,Embedding 的维度、初始化、权重共享（input/output tying）对训练有什么影响？,"embedding,weight-tying","Embedding维度影响模型容量与泛化能力：维度过低导致表达能力不足、语义区分度差；过高则增加参数量、易过拟合、训练慢且内存开销大。实践中常在128–1024间权衡，依赖任务规模和词表大小。

初始化影响收敛速度与最终性能：均匀或正态分布的较小随机初始化（如Xavier/He）有助于稳定训练；零初始化或过大值易致梯度异常；预训练Embedding（如GloVe、BERT）可加速收敛并提升下游表现。

权重共享（input/output tying）指输入词嵌入矩阵与输出分类层权重矩阵共享参数。其优势包括：减少约一半参数量、隐式约束输入输出语义对齐、缓解输出层梯度稀疏问题，尤其在词表大时显著提升训练效率与泛化性；但要求输入输出词表一致，且可能限制模型表达灵活性，在某些生成任务中需谨慎使用。"
LLM基础与训练,模型选型,LLM-B14,“你们用的那个模型？”——如何在面试中说明选型依据（能力/成本/延迟/生态/合规）？,"model-selection,cost,latency",在选型时，我们综合评估了能力、成本、延迟、生态和合规五个维度。能力上，模型需满足业务场景的准确率和泛化要求，我们通过标准测试集和业务数据抽样验证；成本方面，权衡推理耗时、GPU资源占用与调用频次，选择性价比最优的中等规模模型；延迟要求端到端响应控制在500ms内，因此排除了部分大参数量但推理慢的模型；生态上优先选用有成熟微调工具链、监控能力和社区支持的模型，降低工程落地风险；合规层面严格遵循数据不出域、模型可审计的要求，最终选用通过备案、支持私有化部署的国产大模型。所有决策均基于AB测试与多轮评审。
框架与工程生态,LangChain,LIB-E01,LangChain 是什么？核心抽象（LLM/Prompt/Chain/Runnable/Tool/Memory/Retriever）是什么？,langchain,"LangChain 是一个用于构建基于大语言模型（LLM）应用的开源框架，旨在简化 LLM 应用的开发、组合与部署。其核心抽象包括：

- LLM：封装语言模型调用的统一接口，支持多种模型后端（如 OpenAI、Anthropic、本地模型等）；
- Prompt：结构化提示模板，支持变量注入、示例组织（Few-shot）、输出解析等功能；
- Chain：将多个组件（如 LLM、Prompt、Parser）按顺序组合执行的可复用逻辑单元；
- Runnable：LangChain v0.1 起引入的统一接口协议，所有可执行组件（LLM、Chain、Tool 等）均实现 `invoke()`/`stream()` 等方法，实现标准化调用与编排；
- Tool：定义可被 Agent 调用的外部能力，需明确 name、description 和执行逻辑，支持参数约束与异步调用；
- Memory：管理对话历史或状态信息，支持短期（如 ConversationBufferMemory）和长期（结合向量库）记忆机制；
- Retriever：从外部知识源（如文档数据库）中根据查询语义检索相关片段，常与 LLM 结合实现 RAG。

这些抽象共同支撑了链式调用、Agent 决策、RAG 等典型 LLM 应用模式。"
框架与工程生态,LangChain落地,LIB-E02,LangChain 的典型落地形态是什么？在哪些场景会“过重”或不适合？,"langchain,architecture","LangChain 的典型落地形态是作为 LLM 应用的胶水框架，用于快速编排提示、调用工具、管理记忆、连接向量数据库与外部 API，常见于 PoC 验证、内部提效工具（如文档问答、会议纪要生成）及中小规模 RAG 系统。

它在以下场景易“过重”或不适用：  
一是高并发、低延迟的生产服务（如搜索后端），其抽象层带来额外开销且不易深度优化；  
二是简单固定任务（如单次文本分类或关键词提取），直接调用模型 API 更轻量；  
三是强实时性或资源受限环境（如边缘设备、函数计算冷启动敏感场景），其依赖多、包体积大、初始化慢；  
四是需深度定制推理逻辑或细粒度控制 token 流程的场景（如复杂 Agent 决策链、流式渲染优化），其封装反而增加调试与扩展成本。"
框架与工程生态,AutoGen,LIB-E03,AutoGen 是什么？与 LangChain / LangGraph 的差异（对话式多智能体 vs 工作流图）？,"autogen,multi-agent","AutoGen 是微软推出的开源框架，专注于构建可定制、可协作的多智能体系统，核心特点是支持对话式多智能体交互——智能体通过自然语言消息自动协商、反思、调用工具并迭代解决问题。它强调角色驱动、动态对话流和低代码配置，适合需要灵活推理与协作的复杂任务场景。

LangChain 和 LangGraph 侧重于结构化工作流编排：LangChain 提供链式调用与模块化组件（如模型、提示、记忆），但默认是线性或条件分支流程；LangGraph 在其基础上引入有向图模型，显式定义节点与边，支持状态持久化和循环控制，更适合确定性、可追踪的业务流程。

关键差异在于范式层面：AutoGen 以“对话”为第一抽象，智能体自主决策交互方式；LangGraph 以“图”为第一抽象，开发者显式定义执行逻辑与状态流转。前者更适配开放-ended 协作任务，后者更适配可审计、可复现的生产级工作流。"
框架与工程生态,网关LiteLLM,LIB-E04,是否使用过大模型网关框架（LiteLLM）？它解决了哪些问题（多厂商、路由、限流、观测、成本）？,"litellm,gateway","是的，使用过LiteLLM。它主要解决了以下问题：  
一是多厂商统一接入，通过标准化API抽象屏蔽OpenAI、Anthropic、Ollama等后端模型的协议差异；  
二是智能路由，支持基于模型可用性、延迟、成本或自定义策略的动态分发；  
三是轻量级限流，提供按Key或模型维度的速率限制与并发控制；  
四是可观测性，内置请求日志、延迟统计、错误分类及OpenTelemetry兼容埋点；  
五是成本追踪，自动解析响应头或Token计数，聚合展示各模型/渠道的调用消耗。  
整体降低了多模型服务的集成复杂度与运维成本。"
框架与工程生态,手搓原因,LIB-E05,为什么“手搓 agent”，而不是直接用框架？框架的边界/约束/可控性问题有哪些？,"agent,framework","手搓 Agent 主要出于三方面考虑：一是业务场景高度定制化，通用框架难以覆盖复杂决策逻辑、私有协议或实时性要求；二是对行为可解释性、执行链路和状态流转的强可控需求，框架黑盒调度或自动重试可能掩盖问题；三是技术栈耦合与演进自主权，避免被框架生命周期、插件生态或API变更所掣肘。

框架的典型约束包括：抽象层级过高导致底层细节不可见，调试困难；执行流程固化，难以灵活干预中间状态或动态调整规划策略；扩展机制受限，如工具调用、记忆管理、反思机制往往需绕过原生设计；安全与权限控制粒度粗，难满足企业级审计要求；此外，部分框架在长程任务稳定性、错误传播抑制、多Agent协同一致性等方面存在固有短板。"
框架与工程生态,MCP概念,LIB-E06,MCP 是什么？它解决的核心痛点是什么（工具/资源/权限/协议）？,mcp,MCP（Model Context Protocol）是一种标准化协议，用于规范大模型与外部工具、资源之间的交互方式。它解决的核心痛点是**协议不统一**——当前不同模型厂商和工具平台采用私有接口、异构调用方式和非标数据格式，导致模型集成成本高、工具复用难、跨平台协作不可行。MCP 通过定义统一的请求/响应结构、工具描述规范、上下文传递机制和安全调用约定，实现模型与工具间的即插即用和互操作。
框架与工程生态,MCP vs FC,LIB-E07,MCP 和 Function Call 的区别是什么？各自适用边界、工程复杂度、治理方式如何？,"mcp,function-calling","MCP（Model Control Protocol）是面向大模型服务治理的协议标准，定义模型调用的元信息、生命周期、能力描述与反馈机制，侧重跨模型、跨厂商的标准化交互；Function Call 是 LLM 原生支持的一种结构化工具调用机制，由模型在推理过程中主动触发预设函数，属于模型内部决策行为。

适用边界：  
- Function Call 适用于确定性工具集、低延迟、强语义对齐的场景（如查天气、订机票），依赖模型理解能力和函数定义质量，不适用于动态扩展或跨系统权限治理；  
- MCP 适用于多模型协同、企业级AI服务编排、合规审计等场景，解决模型接入、路由、熔断、计费、可观测性等基础设施问题，不参与具体推理逻辑。

工程复杂度：  
- Function Call 开发轻量，但需精细设计函数签名、处理幻觉调用、兜底降级，模型侧调试成本高；  
- MCP 需构建独立控制平面，涉及协议解析、适配器开发、策略引擎、元数据管理，初期投入大，但利于规模化复用。

治理方式：  
- Function Call 治理依赖 Prompt 工程、输出校验、后置拦截，属应用层软约束；  
- MCP 提供声明式策略（如调用频次、数据脱敏、模型版本灰度），支持中心化配置、实时生效、全链路追踪，具备生产级治理能力。"
框架与工程生态,实践经验,LIB-E08,有没有 MCP / Function Call 的实践经验？如何设计工具协议、参数 schema、错误处理与重试？,"schema,retry,tooling","有MCP和Function Call的实践经验。在智能体系统中，我设计过基于OpenAI Function Calling和MCP（Model Control Protocol）规范的工具调用框架。

工具协议采用标准JSON Schema定义，每个工具明确声明name、description、parameters（含required字段与类型约束），支持嵌套对象和枚举校验；参数schema严格遵循OpenAPI 3.0子集，兼顾模型理解能力与后端可解析性。

错误处理分三层：模型层——捕获invalid_request_error等调用异常并触发fallback提示；协议层——统一返回error_code、message、retryable字段；业务层——对4xx错误做输入修正重试，5xx错误启用指数退避+Jitter重试（最多3次），关键操作记录trace_id便于溯源。

重试策略与工具语义强绑定：幂等工具（如查询类）默认自动重试；非幂等工具（如支付）必须显式确认后才重试，并透传attempt_id防止重复执行。"
框架与工程生态,A2A,LIB-E09,A2A（Agent-to-Agent）了解吗？它在系统架构上意味着什么（互操作、协商、分工、权限）？,"a2a,interop",A2A即Agent-to-Agent，指智能体之间的直接交互与协作。在系统架构上，它体现为四个核心维度：一是互操作，要求不同Agent具备标准化通信协议和数据格式，实现跨平台对接；二是协商，支持基于目标或资源的动态协商机制，如合同网协议或博弈建模；三是分工，通过任务分解与角色分配实现协同求解，强调责任边界清晰与能力匹配；四是权限，需内置细粒度访问控制与信任管理，确保交互过程中的行为合规与数据安全。整体上，A2A推动系统从中心化编排转向去中心化自治协作。
Prompt与推理范式,ReAct,PRM01,ReAct 是什么？为什么把“推理 + 行动”结合起来能提升效果？,"react,tool-use","ReAct 是一种将推理（Reasoning）与行动（Action）交替结合的提示方法，核心是让大模型在生成答案前先进行思维链式推理，再基于推理结果调用工具或检索外部信息，循环迭代直至得出准确结论。

之所以能提升效果，是因为单纯推理易受知识局限或幻觉影响，而纯行动缺乏目标导向和规划能力。二者结合后，推理负责策略制定与错误检测，行动提供实时、准确的外部信息补充，形成闭环验证，显著增强事实准确性、任务完成率和复杂问题的解决鲁棒性。"
Prompt与推理范式,ReAct实现,PRM02,ReAct 怎么实现？（思维步骤组织、工具调用触发、观察结果回写、终止条件）,"react,implementation","ReAct通过四步循环实现：  
1. 思维步骤组织：基于当前任务和历史轨迹，生成推理步骤与待验证假设，明确下一步需获取的信息；  
2. 工具调用触发：当推理判断需外部信息时，格式化生成工具调用请求（含工具名、参数），交由执行器调用；  
3. 观察结果回写：将工具返回的原始结果作为Observation，原样注入到后续上下文，不修改、不解释；  
4. 终止条件：当推理链得出明确答案、满足任务目标，或达到最大步数/重试次数时终止，输出最终响应。  
整个过程以“推理→行动→观察”闭环驱动，强调推理引导行动、行动服务于推理。"
Prompt与推理范式,CoT定义,PRM03,CoT（Chain-of-Thought）是什么？为什么通常效果更好？,"cot,reasoning",CoT即思维链，是一种让大模型在给出最终答案前，先生成中间推理步骤的方法。它通过显式建模推理过程，将复杂问题分解为多个可处理的子步骤，从而提升模型对逻辑、数学和常识类任务的解决能力。效果更好的原因主要有三点：一是缓解了模型直接映射输入到输出时的跳跃性错误；二是利用了模型已有的隐式推理能力，通过提示激发其逐步推演；三是增强了结果的可解释性和可控性，便于定位和修正错误。
Prompt与推理范式,CoT缺点,PRM04,CoT 有哪些缺点/风险？（冗长、泄露推理、过拟合 prompt、稳定性、成本）,"cot,risk",CoT存在五方面主要缺点：一是推理链冗长，增加计算开销与响应延迟；二是中间推理步骤可能暴露敏感逻辑或训练数据信息，带来隐私与安全风险；三是易对特定prompt过拟合，泛化能力弱，微小prompt改动可能导致输出大幅波动；四是推理过程缺乏稳定性，相同问题多次生成结果可能不一致；五是显著提升计算与API调用成本，尤其在长链或大规模部署场景下。
Prompt与推理范式,Prompt缓存,PRM05,Prompt Caching 是什么？缓存粒度如何设计（prompt 前缀/系统提示/检索上下文）？,"prompt-caching,latency","Prompt Caching 是指在大模型推理过程中，对重复或相似的 prompt 输入进行缓存，以复用已计算的 KV 缓存（Key-Value Cache），从而减少重复计算、降低延迟、节省显存和算力。

缓存粒度设计需兼顾复用率与灵活性，通常分层考虑：
- 系统提示（System Prompt）：最稳定，变化最少，适合长期缓存，可作为缓存基底；
- 检索上下文（Retrieved Context）：动态性强，但具有局部稳定性（如同一知识库检索结果在短时间/相似查询下重复），建议按 context fingerprint（如哈希摘要）缓存，支持增量更新；
- Prompt 前缀（用户指令+固定结构）：介于两者之间，若存在高频模板（如“请用中文总结以下内容：”），可缓存其编码结果；但需避免过度泛化导致语义偏差。

实践中常采用组合键缓存（system + context hash + prefix hash），并设置 TTL 或 LRU 策略管理生命周期。关键原则是：越稳定、越通用的部分越靠前缓存，越动态的部分越靠后拼接或单独缓存。"
Prompt与推理范式,采样参数,PRM06,Temperature / Top-p / Top-k 分别控制什么？它们之间如何联动？,"sampling,temperature,top_p,top_k","Temperature 控制输出分布的平滑程度，值越小，分布越尖锐，模型越倾向于选择高概率词，输出更确定、保守；值越大，分布越平滑，随机性增强，多样性提高。

Top-k 限制每步仅从概率最高的 k 个词中采样，过滤掉低概率候选，提升生成质量并抑制胡言乱语。

Top-p（核采样）动态选取累计概率超过 p 的最小词集进行采样，能自适应保留不同数量的候选词，兼顾质量与灵活性。

三者联动：通常先应用 Top-k 或 Top-p 进行候选集裁剪，再在该子集上按 Temperature 调整 logits 后采样。Top-k 与 Top-p 一般互斥使用，避免重复过滤；Temperature 独立作用于 logits，影响最终采样分布的置信度。实践中常组合 Top-p + Temperature，兼顾稳定性与可控多样性。"
Prompt与推理范式,参数设置,PRM07,不同场景下的推荐设置是什么？（分类、抽取、代码生成、创作、对话、工具调用）,"best-practice,sampling","不同场景下的推荐设置如下：  
分类任务：使用较低温度（0.1–0.3），关闭top_p，启用logprobs便于置信度分析，优先选择确定性输出。  
抽取任务：温度设为0.0–0.1，开启JSON Schema约束或正则引导，确保结构化输出准确；可配合few-shot示例提升字段对齐精度。  
代码生成：温度0.2–0.5，top_p 0.9–0.95，启用代码块标记与语法校验提示，必要时指定编程语言和上下文依赖。  
创作任务：温度0.7–0.9，top_p 0.9–1.0，允许适度随机性以增强多样性，辅以风格/语气/长度等指令控制生成质量。  
对话场景：温度0.6–0.8，动态调节top_p（0.85–0.95），启用历史上下文管理与角色设定，强调连贯性与人格一致性。  
工具调用：温度≤0.3，强制使用function calling格式，严格校验参数类型与必填字段，配合schema描述与错误重试机制。"
Prompt与推理范式,Prompt治理,PRM08,如何做 prompt 版本管理与 A/B 实验？如何避免回归？,"ab-test,eval,governance","Prompt版本管理与A/B实验可借鉴软件工程实践：  
1. 版本管理：为每个prompt分配唯一ID，记录内容、修改人、时间、变更说明及关联模型/参数；使用配置中心或Git仓库托管，支持diff和回滚。  
2. A/B实验：按流量或用户ID分流，确保对照组（旧prompt）与实验组（新prompt）数据独立；统一评估指标（如任务准确率、响应时长、人工评分），样本量需满足统计显著性要求。  
3. 避免回归：上线前在离线测试集上做回归验证，对比关键指标；建立自动化监控，实时追踪线上核心指标波动；设置熔断机制，异常时自动回退至稳定版本。  
核心原则：可追溯、可度量、可控制。"
RAG,RAG概念,RAG01,RAG 是什么？它与纯 LLM 生成相比解决了什么问题？,rag,"RAG（Retrieval-Augmented Generation）是一种将信息检索与大语言模型生成相结合的技术框架。它在生成回答前，先从外部知识库中检索相关文档片段，再将检索结果与用户问题一同输入LLM进行生成。

相比纯LLM生成，RAG主要解决了三个核心问题：一是缓解幻觉，通过引入可验证的外部证据提升回答准确性；二是降低知识更新成本，无需重新训练模型即可接入最新或领域专属数据；三是增强可解释性与可控性，生成依据可追溯至具体检索片段，便于审计和调试。"
RAG,难点,RAG02,RAG 最难的地方通常是什么？（召回、切分、重排、评测、数据治理、时效性）,"rag,challenges","RAG最难的地方通常是数据治理。  
它贯穿整个流程：源头数据质量参差、格式杂乱、权限与合规约束多；导致切分逻辑难统一、元数据缺失影响召回精度、更新机制不健全损害时效性；同时制约评测指标的设计合理性与重排模型的泛化能力。相比技术模块，数据治理更依赖跨团队协作、标准建设和长期运维，落地难度最大、见效最慢。"
RAG,切割策略,RAG03,文档切割（chunking）策略有哪些？（固定长度、语义段落、标题层级、滑窗、结构化解析）,chunking,"文档切割策略主要包括以下五类：  
一是固定长度切分，按字符或Token数截断，简单高效但易切断语义；  
二是语义段落切分，依据自然段、换行、标点等边界保留完整语义单元；  
三是标题层级切分，利用文档标题结构（如H1-H3）划分逻辑章节，兼顾层次与语义；  
四是滑动窗口切分，在固定长度基础上引入重叠，缓解上下文断裂问题；  
五是结构化解析切分，结合PDF/HTML等格式的DOM树、表格、列表等结构信息进行智能分块，保留原始布局与关系。  
实际应用中常组合使用，需权衡信息完整性、检索精度与计算开销。"
RAG,语义断裂规避,RAG04,如何规避“语义被切割掉”？（overlap、结构化切分、递归切分、父子块、引用回溯）,"chunking,overlap,parent-child","规避语义被切割，核心是保障文本切分时上下文完整性和逻辑连贯性。具体可采取四层策略：  
第一，设置合理overlap，对相邻块重叠10%-20%的上下文（如重叠2-3句），保留关键指代、连接词和主谓结构；  
第二，优先结构化切分，按自然语义单元（如段落、标题、列表项、代码块、对话轮次）切分，避免跨句、跨段硬截断；  
第三，采用递归切分：先按大结构（如章节）粗分，再对超长单元按语义边界（如主题句、转折词、标点密度）递归细分，始终以语义完整性为终止条件；  
第四，构建父子块关系与引用回溯机制：子块显式标注所属父块ID，对代词、省略或跨块指代，在检索或生成时自动触发父块内容回填，确保语义可还原。  
最终需结合业务场景做切分效果验证，例如通过问答一致性、摘要连贯性等指标评估语义保真度。"
RAG,多路召回,RAG05,多路召回是什么？（BM25、向量、Hybrid、Query Expansion、多索引、多字段）,"retrieval,hybrid,bm25",多路召回是指在搜索或推荐系统中，同时使用多种召回策略并行获取候选集，再通过融合策略合并结果，以提升召回的覆盖率、多样性和准确性。常见方式包括：BM25基于词频和逆文档频率进行传统关键词匹配；向量召回利用稠密向量（如BERT嵌入）计算语义相似度；Hybrid是将BM25与向量得分加权融合；Query Expansion通过同义词、点击日志或模型生成扩展查询提升召回相关性；多索引指对不同数据源或分片建立独立索引并分别召回；多字段则是在同一文档中对标题、正文、标签等不同字段分别打分后聚合。各路召回相互补充，兼顾精确匹配与语义泛化能力。
RAG,存储与元数据,RAG06,文档怎么存？元数据如何设计？（来源、时间、权限、版本、段落路径、引用定位）,"metadata,governance","文档采用对象存储+关系数据库混合方案：原始文件存对象存储（如S3/MinIO），保留唯一OID；元数据统一存关系库，确保事务与查询能力。

元数据设计核心字段包括：  
- 来源：source_system（枚举：CRM/ERP/OCR/人工录入）、source_id（上游业务主键）  
- 时间：create_time、update_time、publish_time（语义明确区分）  
- 权限：acl_policy_id（关联权限策略表），支持行级动态权限控制  
- 版本：version_number（整型递增）、is_latest（布尔）、base_version（用于diff）  
- 段落路径：section_path（如“1.2.3”，支持前缀查询与树形遍历）  
- 引用定位：anchor_id（全局唯一段落标识）、offset_range（字节偏移，适配PDF/文本）、page_num（针对扫描件）  

所有字段加索引，高频查询字段（如source_system+version_number+is_latest）建组合索引。段落路径与anchor_id支持全文检索与精准跳转。"
RAG,粒度选择,RAG07,粒度多大合适？如何在“召回率 vs 噪声 vs 成本”之间权衡？,"chunk-size,tradeoff","粒度选择需结合业务目标与技术约束。通常，粗粒度召回率高、噪声低、成本低，但可能漏掉关键细节；细粒度召回更精准，但易引入噪声、增加计算与标注成本。

权衡方法：  
1. 明确核心指标优先级——若强调覆盖（如冷启动推荐），适度放宽粒度提升召回；若强调精准（如金融风控），需细化粒度并辅以强过滤；  
2. 通过AB测试或离线评估，在不同粒度下测量召回率、噪声率（误召比例）、响应延迟及资源消耗，寻找Pareto最优解；  
3. 采用分层策略：先粗粒度快速召回，再细粒度重排序，兼顾效率与精度；  
4. 引入动态粒度机制，依据用户行为强度、场景紧急性等实时调整。

最终，合适粒度是能在业务可接受噪声与成本前提下，稳定达成召回目标的最小必要分辨率。"
RAG,数据库选型,RAG08,用的什么数据库？（倒排、向量库、KV、关系型）各自承担什么职责？,"db,storage","我们采用多数据库协同架构：  
- 关系型数据库（如PostgreSQL）负责存储业务核心数据、用户信息、权限配置等强一致性、需事务支持的结构化数据；  
- 向量库（如Milvus或PGVector）专用于存储和检索嵌入向量，支撑语义搜索、相似推荐等AI能力；  
- 倒排索引（集成在Elasticsearch中）承担全文检索、关键词匹配、多条件组合查询等高并发低延迟的搜索职责；  
- KV存储（如Redis）作为缓存层，管理会话状态、热点配置、临时计算结果，提升响应速度并降低下游压力。  
各库职责清晰，通过分层设计兼顾一致性、性能与扩展性。"
RAG,图数据库,RAG09,为什么要用图数据库？适用于哪些知识结构/查询模式？（实体关系、路径推理、溯源）,"graphdb,kg","图数据库适用于高度关联的数据场景，核心优势在于原生支持实体关系建模、高效路径遍历和复杂关系推理。  

它特别适合三类知识结构与查询模式：  
第一，实体关系密集型数据，如社交网络、组织架构、用户-商品-行为图谱，能直观表达多对多、带属性和方向的关系，避免关系型数据库的多表连接开销；  
第二，路径推理类查询，如“查找两人之间最短合作路径”“推荐二度人脉”，图数据库通过索引化邻接关系实现毫秒级深度遍历；  
第三，溯源分析场景，如金融反欺诈中的资金链路追踪、供应链问题根因定位，可沿边属性（时间、金额、状态）逆向或正向追溯完整事件链。  

本质是将“关系”作为头等公民，使连接查询从O(n)降为O(1)邻接访问，大幅提升关联分析效率。"
RAG,向量库对比,RAG10,向量数据库对比有没有做过？对比维度有哪些（写入/查询、过滤、HNSW、持久化、运维）？,"vector-db,benchmark","做过。对比维度主要包括：  
写入性能：吞吐量、延迟、批量写入支持、事务一致性（如是否支持ACID或最终一致）；  
查询性能：单向量检索延迟与QPS、近似精度（Recall@K）、高并发下的稳定性；  
过滤能力：元数据过滤的表达能力（如范围、布尔、嵌套字段）、过滤与向量检索的协同效率（是否下推、是否影响ANN性能）；  
索引机制：HNSW实现细节（如层数控制、ef_construction/ef_search默认值与调优空间、内存占用、构建速度）、是否支持动态更新索引；  
持久化：数据落盘方式（WAL、checkpoint、mmap）、崩溃恢复能力、存储格式（列存/行存）、压缩支持；  
运维：集群扩展性（分片/副本机制）、监控指标完备性、配置热加载、升级兼容性、备份恢复方案、资源隔离能力。  
实际选型中还需结合业务场景权衡，例如实时写入密集型场景侧重写入吞吐与HNSW动态更新能力，而分析型场景更关注过滤灵活性与查询精度。"
RAG,Qdrant性能,RAG11,Qdrant 性能如何？你的量级多大？（向量数、维度、QPS、P95）有没有瓶颈？,"qdrant,performance","Qdrant 在我们的生产环境中表现稳定，当前承载约2亿条向量，维度为768，单节点（32核/128GB内存/1TB NVMe）QPS稳定在1200+，P95延迟低于80ms。瓶颈主要出现在高并发场景下的内存带宽和磁盘IO——当批量查询超过200 QPS且结果集较大时，PageCache压力上升导致延迟抖动。我们通过启用量化（Scalar Quantization）、调优HNSW参数（ef_construct=128, M=32）以及分离索引与数据目录到不同NVMe设备缓解了该问题。后续计划引入集群模式分担负载。"
RAG,幻觉规避,RAG12,如何规避大模型幻觉？（引用约束、答案可验证、拒答策略、工具校验、对抗样本）,"hallucination,grounding",规避大模型幻觉需多层协同：一是强化引用约束，要求输出必须基于明确标注的可信源，禁止无依据推断；二是坚持答案可验证，所有事实性陈述须能通过公开权威渠道交叉验证；三是实施严格拒答策略，对超出知识边界、逻辑矛盾或高风险模糊问题主动拒绝作答；四是集成工具校验，调用搜索引擎、数据库或专业API实时核验关键信息；五是引入对抗样本检测机制，识别并拦截诱导性、歧义性输入，防止模型被误导生成虚假内容。
RAG,微调vsRAG,RAG13,微调 vs RAG：各自优劣势与适用场景？能否组合使用？怎么分工？,"finetune,rag,tradeoff","微调是通过调整模型参数来适配特定任务或领域，优势在于推理速度快、响应一致、可深度定制行为；劣势是成本高、周期长、难以快速更新知识、存在灾难性遗忘风险。适用于领域专业性强、任务固定、需强逻辑控制或私有数据严格隔离的场景，如金融风控指令遵循、医疗报告生成。

RAG通过检索外部知识库动态增强提示，优势是知识实时性强、开发成本低、可解释性好、易于更新；劣势是依赖检索质量、可能引入噪声、推理延迟较高、对复杂推理支持有限。适用于知识高频更新、需溯源、多源信息整合的场景，如客服知识库问答、政策法规查询。

二者可组合使用：RAG负责提供最新、精准的外部事实信息，作为上下文输入；微调模型则聚焦于理解用户意图、组织语言、执行推理与格式控制。分工上，RAG做“知识供给”，微调模型做“认知加工”。典型架构为：先用微调后的模型解析查询并生成检索关键词，再调用RAG获取相关片段，最后由同一微调模型融合生成最终答案。"
RAG,评测量化,RAG14,如何量化“检索效果”和“回答效果”？常见指标与评测流程是什么？,"evaluation,metrics","检索效果常用指标包括准确率（Precision）、召回率（Recall）、F1值、MRR（Mean Reciprocal Rank）和nDCG（normalized Discounted Cumulative Gain），核心关注相关文档是否被检出及排序质量；评测流程通常为：构建标准测试集（含查询-相关文档对）、运行检索系统获取结果、人工或半自动标注相关性、计算指标并统计显著性。

回答效果侧重生成答案的质量，常用指标包括ROUGE、BLEU（适用于抽取式或模板化回答）、BERTScore、QAGS（基于问答的评估）、Faithfulness（事实一致性）、Answer Relevance和Correctness（人工评分或LLM-as-a-judge）。评测流程一般为：固定检索输入，统一用相同大模型生成回答，通过自动化指标初筛+专家人工评估（如Likert量表打分）进行多维验证，并控制评估者间一致性（如Cohen’s Kappa）。

二者需联合评估端到端效果，典型方法是构建带黄金答案的QA测试集（如Natural Questions、HotpotQA），以最终答案正确率（Exact Match / F1）作为综合指标。"
Workflow与任务编排,拆分动机,WF01,为什么要做任务拆分？拆分的原则是什么（可验证性、可复用性、可并行、降低上下文）？,decomposition,"任务拆分是为了提升开发效率、降低复杂度、增强协作能力和保障交付质量。  
拆分原则包括：  
可验证性——每个子任务有明确的输入输出和验收标准，便于测试和确认完成；  
可复用性——子任务封装合理，具备通用逻辑或接口，可在其他场景复用；  
可并行——子任务间依赖最小化，支持多人/多团队同步推进；  
降低上下文——单个任务聚焦单一职责，减少认知负荷，开发者无需掌握全局细节即可高效执行。"
Workflow与任务编排,拆分方式,WF02,你是怎么做任务拆分的？拆成哪些模块（检索/解析/抽取/推理/写作/校验）？,pipeline,我通常基于任务目标和输入输出特性进行分层拆分：首先做意图识别与任务规划，明确是否需要检索、解析、抽取等环节；接着按数据流向划分为五个核心模块——检索模块负责从知识库或外部源获取相关片段；解析模块处理非结构化输入（如PDF、网页），提取文本和布局信息；抽取模块聚焦实体、关系、事件等结构化要素；推理模块承担逻辑推导、多步计算或方案生成；写作模块负责语言组织与风格适配；最后校验模块通过规则校验、一致性检查和结果回溯确保准确性。各模块支持按需编排与跳过，不强制全链路执行。
Workflow与任务编排,效果验证,WF03,拆分后效果如何提升？如何证明不是“自我感觉”？,"evaluation,ab-test",拆分后效果提升主要体现在可测量的关键指标上，例如转化率、任务完成率、错误率、用户停留时长或A/B测试的统计显著性结果。为避免“自我感觉”，需坚持数据驱动：一是设定明确的基线与目标指标，二是在拆分前进行预实验或小流量灰度验证，三是采用随机对照实验（如A/B测试）并确保样本量充足、分组均衡，四是通过p值、置信区间等统计方法验证差异显著性（如p<0.05），五是交叉验证业务逻辑——例如拆分后某环节耗时下降20%，同时对应环节的用户放弃率同步下降15%，且归因分析确认该变化主要由拆分引起。所有结论必须基于可观测、可复现、可审计的数据链路，而非主观判断。
Workflow与任务编排,提升路径,WF04,如何进一步提升效果？（重排、反思、工具校验、多样性采样、缓存、路由）,improvement,可从五个维度系统提升效果：一是优化重排策略，结合业务目标动态调整排序权重，引入多目标学习或强化学习优化排序结果；二是建立结构化反思机制，对bad case进行归因分析，沉淀规则或微调模型；三是接入工具链校验，如事实性检查、逻辑一致性验证、敏感词过滤等，实现结果可信度兜底；四是采用多样性采样，通过MMR、Determinantal Point Process等方法平衡相关性与覆盖度，提升结果丰富性；五是合理设计缓存与路由策略，对高频稳定查询启用语义缓存，对复杂/长尾请求路由至更优模型或专家模块，兼顾性能与效果。所有优化需以AB实验验证收益，闭环迭代。
Workflow与任务编排,Text2SQL,WF05,Text2SQL 怎么做？（schema linking、候选生成、执行反馈、约束解码）,text2sql,"Text2SQL通常采用多阶段流程：  
首先做schema linking，通过语义匹配将自然语言中的实体、谓词与数据库的表名、列名、值建立映射，常用方法包括基于BERT的相似度计算或规则辅助的模糊匹配；  
接着进行候选SQL生成，以链接结果为约束，在语法合法前提下生成结构化SQL，可采用Seq2Seq、SQL-aware解码器或大模型少样本生成；  
然后利用执行反馈机制，对生成SQL在数据库上执行并获取结果，通过执行准确率或中间执行信号（如空结果、类型错误）反向优化生成过程；  
最后引入约束解码，在解码过程中动态注入语法约束（如SELECT后必须跟列、WHERE条件需匹配列类型）和schema约束（如仅允许出现已链接的表/列），确保输出SQL既合法又贴合schema。  
整个流程强调语义理解、结构生成与执行驱动的协同优化。"
Workflow与任务编排,Text2SQL提准,WF06,如何提高 Text2SQL 准确率？（执行校验、示例检索、语义约束、错误归因）,"text2sql,accuracy","提高Text2SQL准确率可从四方面入手：  
执行校验——对生成SQL在轻量数据库（如SQLite）上执行，结合结果与自然语言问题语义一致性判断是否正确，错误时触发重生成或修正；  
示例检索——基于问题语义相似度（如BERT嵌入）从高质量样本库中检索最相关的历史成功案例，作为上下文示例输入模型，增强泛化能力；  
语义约束——在解码阶段引入数据库Schema约束（如列名、外键、数据类型）、关键词白名单（SELECT/WHERE等）及逻辑规则（如聚合函数需搭配GROUP BY），防止语法与语义错误；  
错误归因——构建细粒度错误分类体系（如JOIN遗漏、WHERE条件错位、聚合误用），对失败样本进行自动归因，针对性优化提示工程、微调数据或模型结构。四者协同可系统性提升鲁棒性与准确率。"
Workflow与任务编排,Query润色,WF07,如何润色/改写 query？目的是什么？（召回提升、歧义消解、字段补全、多路检索）,query-rewrite,润色或改写query的核心目的是提升检索系统的整体效果，具体服务于四个关键目标：一是召回提升，通过扩展同义词、泛化实体、补全省略信息等方式扩大相关文档覆盖范围；二是歧义消解，结合上下文或用户画像识别query中模糊指代或一词多义现象，映射到明确语义意图；三是字段补全，自动补全缺失的结构化约束（如时间、地点、品类等），增强query与索引字段的匹配精度；四是支撑多路检索，生成语义一致但形式各异的多个子query（如关键词式、向量式、图谱式），适配不同检索通路并融合结果。所有改写均需保持语义忠实、简洁可控，并兼顾线上性能。
Workflow与任务编排,代码生成,WF08,Code-generation 用什么做？（模型、提示、检索、测试、静态分析）,codegen,Code-generation 主要使用大语言模型（如Codex、CodeLlama、Qwen-Coder等）作为核心生成引擎；提示工程设计高质量的prompt，包含任务描述、输入输出示例、约束条件等；结合检索增强（RAG）从代码库或文档中检索相关片段提升准确性；生成后通过单元测试、沙箱执行进行动态验证；辅以静态分析（如AST解析、类型检查、安全扫描）识别潜在错误与规范问题。五者协同，形成“生成-检索-验证-修正”闭环。
Workflow与任务编排,代码准确性,WF09,如何确保代码生成准确性？（单测、lint、类型检查、沙箱运行、编译/执行验证）,verification,首先通过静态检查保障基础质量：用TypeScript做类型检查，ESLint做代码规范和潜在错误检测。其次编写单元测试覆盖核心逻辑，确保功能正确性。关键生成代码在沙箱环境中安全执行，验证运行时行为与预期一致。对需编译的语言（如Java、Rust），增加编译验证环节；对脚本语言，进行语法解析和轻量执行验证。所有环节纳入CI流水线，形成闭环反馈。
Workflow与任务编排,Replan设计,WF10,如果让你重新设计（replan），你会怎么做？哪些地方会改？为什么？,"replan,architecture",我会首先复盘当前方案的核心目标、实际落地效果与关键瓶颈，识别出与目标偏差最大的环节。重点优化三方面：一是简化流程中冗余的审批或协作节点，提升执行效率；二是加强前期用户验证，用最小成本快速测试关键假设，避免后期返工；三是明确各阶段的成功度量标准，让迭代有据可依。这些调整的底层逻辑是平衡质量、速度与资源约束，确保设计更贴近真实需求和落地可行性。
Workflow与任务编排,量化指标,WF11,效果是怎么量化的？线上/离线如何闭环？（成功率、P95 延迟、人工通过率、成本）,"metrics,online-eval",效果量化采用多维指标体系：离线阶段以模型准确率、召回率、AUC等评估算法能力，结合AB测试分流数据对比基线；线上通过实时监控成功率、P95延迟、人工审核通过率及单次调用成本，形成核心看板。闭环机制上，离线侧建立数据-模型-评估流水线，按日/周迭代；线上通过监控告警触发归因分析，问题定位后同步至实验平台，经灰度验证后全量发布，确保“观测-诊断-优化-验证”链路完整，各指标均支持下钻归因与版本比对。
Agent体系与工程化,记忆设计,AGT01,你的 Agent 项目是如何做长短期记忆的？分别解决什么问题？,memory,在Agent项目中，短期记忆通过对话上下文窗口实现，用于维持单轮多步交互的连贯性，解决上下文依赖和指令跟随问题；长期记忆则基于向量数据库存储关键经验（如用户偏好、任务结果、高频问答），配合检索增强生成（RAG）机制，在后续会话中按需召回，解决知识沉淀、个性化适配与跨会话状态延续问题。两者分层协作，短期保实时性，长期保一致性。
Agent体系与工程化,存储方式,AGT02,记忆怎么存？（文件/DB/向量库/知识图谱）数据模型如何设计？,"storage,datamodel",记忆存储需分层设计：短期记忆用Redis缓存，支持TTL和快速读写；长期记忆按语义类型选择存储介质——结构化数据存MySQL，带时间戳、会话ID、用户ID等维度；非结构化文本及嵌入向量存向量库（如Milvus或PGVector），索引字段包括chunk_id、embedding、source_doc_id、timestamp；知识图谱用于关系型记忆，用Neo4j建模实体（人/产品/事件）与关系（提及、影响、归属），节点含type、name、version，边含relation_type、confidence、valid_since。所有存储统一接入元数据服务，记录schema版本、更新时间、来源通道，保障一致性与可追溯性。
Agent体系与工程化,粒度,AGT03,记忆粒度是多少？（会话级、段落级、事实级、任务状态级）如何选择？,granularity,记忆粒度通常分为会话级、段落级、事实级和任务状态级。选择依据是任务需求与信息保留目标：会话级适用于需维持上下文连贯的多轮对话；段落级适合摘要或内容理解类任务，平衡细节与效率；事实级用于知识问答或RAG场景，强调精准、可验证的原子信息；任务状态级则面向多步骤流程（如订票、调试），需跟踪变量、进度与约束。实际选择应权衡准确性、存储开销、检索效率及下游任务对时序与结构的敏感度，优先采用最粗粒度满足需求的层级，并支持按需降级细化。
Agent体系与工程化,使用策略,AGT04,记忆怎么用？（检索触发、写入策略、遗忘策略、冲突消解、摘要与索引）,"retrieval,writeback","记忆的使用可从五个维度系统化设计：  
检索触发——基于上下文相似度、时间衰减或事件标记动态激活相关记忆片段；  
写入策略——采用重要性过滤（如强化学习奖励信号）与结构化编码（语义图谱+时序锚点）控制新记忆入库；  
遗忘策略——按访问频次、时效性与一致性实施梯度衰减，低置信度或长期未调用条目逐步弱化或归档；  
冲突消解——通过证据权重比对、来源可信度校验及逻辑一致性检验，保留高支持度陈述，标记矛盾点供人工复核；  
摘要与索引——对长周期记忆生成多粒度摘要（事件级/主题级/模式级），构建语义索引与关系索引双通道，支撑高效召回与推理。"
Agent体系与工程化,工具实现,AGT05,Function Call 在 Agent 里怎么实现？（工具注册、路由、参数校验、重试、幂等）,"function-calling,router","Function Call 在 Agent 中的实现通常分为五个核心环节：

1. 工具注册：通过统一接口（如 register_tool）将函数元信息（名称、描述、参数 schema）注册到工具仓库，支持动态加载和版本管理；元数据需符合 OpenAI Function Calling 或 JSON Schema 规范，便于 LLM 理解和调用。

2. 路由：LLM 输出结构化 tool_calls 后，Agent 解析 name 字段，查表匹配已注册工具；支持模糊匹配、别名映射和 fallback 机制，确保高召回率与低误调用。

3. 参数校验：基于注册时的 JSON Schema 对 arguments 做严格校验——包括类型、必填项、枚举值、格式（如 email、url）；校验失败则拒绝执行并返回清晰错误，必要时触发 LLM 自修复重写。

4. 重试：对网络超时、临时性错误（如 429、503）启用指数退避重试（默认 2~3 次），配合可配置的 retry_policy；业务异常（如参数语义错误）不重试，直接反馈用户。

5. 幂等：要求每个工具实现幂等性——通过传入唯一 client_id 或 request_id，服务端做去重或状态机判断；Agent 层可缓存近期成功调用结果（按输入哈希 + TTL），避免重复触发。

整体设计强调声明式注册、运行时轻量调度、失败可观测、行为可追溯。"
Agent体系与工程化,最大难题,AGT06,你遇到的最大难题是什么？怎么定位与解决？,debugging,"我遇到的最大难题是在一个跨部门数据中台项目中，因各业务系统数据标准不统一、接口文档缺失，导致数据接入周期严重滞后，原计划两周完成的5个核心模块接入，卡在第一个模块超过10天。

我首先通过三步定位问题：一是逐条比对上游系统实际返回数据与需求文档的字段定义，发现37%字段语义冲突或类型不匹配；二是访谈6位一线业务人员，确认同一指标在不同系统中存在口径差异（如“活跃用户”有登录、点击、支付三种定义）；三是绘制端到端数据链路图，识别出2个关键中间层服务缺乏错误重试和告警机制。

解决上采取短中长结合策略：短期用适配层封装差异，标准化字段映射逻辑；中期推动制定《跨系统数据字典V1.0》，联合三方产研共同评审签字；长期将数据契约纳入需求准入门槛，要求上游系统提供OpenAPI Schema及样例数据。最终提前3天完成全部接入，后续同类项目平均接入周期缩短65%。"
Agent体系与工程化,提效方法,AGT07,如何提高效果？（反思、评审器、重排、执行反馈、工具校验、数据闭环）,"improvement,reflection",提高效果需构建端到端的优化闭环：首先通过数据驱动的反思机制，定位效果瓶颈；其次引入多维度评审器，对输出质量、安全性、一致性等进行自动化+人工评估；第三，结合用户反馈与离线指标，动态优化重排策略；第四，强化执行反馈，实时捕获用户行为（如点击、停留、修正）并回传至模型；第五，嵌入工具校验，对事实性、格式、逻辑等硬约束做前置/后置校验；最后，打通数据闭环，将上述各环节信号沉淀为高质量训练数据，持续迭代模型与策略。关键在于各环节可量化、可归因、可联动。
Agent体系与工程化,降延迟,AGT08,如何降低延迟？端到端延迟如何优化？（并发、缓存、路由、降级、批处理）,"latency,cache","降低端到端延迟需从全链路协同优化：  
1. 并发：合理使用异步非阻塞IO和线程池，避免阻塞等待；关键路径采用协程或事件驱动提升吞吐与响应速度。  
2. 缓存：在客户端、网关、服务层、DB层分级缓存热点数据，设置合理过期策略与穿透/雪崩防护，减少后端调用。  
3. 路由：优化DNS解析（如HTTPDNS）、服务发现（就近路由）、API网关动态负载均衡（低延迟节点优先），缩短网络跳转。  
4. 降级：对非核心依赖（如推荐、埋点）实施自动熔断与快速失败，避免级联延迟；预留轻量兜底逻辑保障主流程低延迟。  
5. 批处理：对非实时场景（如日志上报、消息通知）合并请求，减少网络往返；但需权衡时效性，避免引入额外排队延迟。  
根本原则是识别并消除瓶颈——通过链路追踪定位高耗时环节，结合压测与监控持续迭代优化。"
Agent体系与工程化,单多智能体,AGT09,Single-agent vs Multi-agent：常见设计方案有哪些？各自优缺点与适用场景？,"multi-agent,design","Single-agent方案通常采用端到端大模型驱动，集成规划、工具调用、记忆与反思模块，如ReAct、Reflexion、Plan-and-Execute等范式。优点是架构简洁、推理可控、延迟低、易于调试；缺点是能力边界受限于单次推理上下文与模型本身，复杂长程任务易出错，缺乏分工与容错机制。适用于任务结构清晰、步骤较少、实时性要求高的场景，如客服问答、简单自动化脚本、个人助理。

Multi-agent方案将系统拆分为多个角色化智能体（如Manager、Planner、Coder、Reviewer），通过显式通信协议（如Message Passing、Shared Blackboard）或编排框架（如LangGraph、CrewAI）协同工作。优点是可扩展性强、容错性高、支持专业化分工与动态协作，适合处理开放域、多约束、长周期任务；缺点是系统复杂度高、通信开销大、状态一致性难保障、调试与评估成本显著上升。适用于科研辅助、软件开发、企业级业务流程自动化、仿真决策等复杂场景。

选型核心依据：任务复杂度、可分解性、可靠性要求、开发维护成本约束。实践中常采用混合策略——关键路径用single-agent保障确定性，外围协作或迭代环节引入multi-agent增强鲁棒性。"
Agent体系与工程化,反思机制,AGT10,反思机制是什么？为什么要用反思？如何避免“自嗨式反思”与成本爆炸？,"reflection,cost","反思机制是通过系统性回顾行为、决策与结果，识别偏差、归因原因、提炼规律，并推动认知升级与行动优化的闭环过程。  
要用反思，是因为经验本身不自动转化为能力，只有经过结构化加工，才能避免重复错误、突破思维惯性、提升决策质量。  
避免“自嗨式反思”，关键在于锚定客观事实（如数据、他人反馈、可验证结果），追问“证据是什么”“反例是否存在”“假设是否被检验”；避免成本爆炸，则需聚焦高杠杆问题（影响大、可改变、可复用）、设定时间边界（如15分钟微复盘）、固化轻量模板（例如：发生了什么—我的理解/行动—差距在哪—下次一步动作）。"
Agent体系与工程化,趋势,AGT11,如何看待当下 LLM 应用趋势与方向？（工具化、可验证、代理化、多模态、端侧、成本）,trends,当前LLM应用呈现六大核心趋势：一是工具化，模型深度集成API、数据库、代码执行等能力，从“对话引擎”转向“任务执行体”；二是可验证，通过推理链显式化、结果溯源、形式化验证等方式提升输出可信度，缓解幻觉问题；三是代理化，以AutoGen、LangChain等框架为支撑，构建具备目标分解、工具调用、反思迭代的自主智能体；四是多模态，文本已成基础模态，视觉、语音、结构化数据融合加速，推动跨模态理解与生成落地；五是端侧部署，通过模型轻量化（量化、剪枝、MoE）、硬件协同优化，在手机、IoT设备实现低延迟、高隐私的本地推理；六是成本收敛，训练与推理效率持续提升，开源模型性能逼近闭源，叠加算力基础设施成熟，推动LLM从“奢侈品”走向规模化商用。整体方向正从技术炫技转向价值交付，核心衡量标准是任务完成率、响应确定性与单位产出成本。
Agent体系与工程化,WebRTC,AGT12,为什么要用 WebRTC？它和 WebSocket 的区别是什么？各自适用场景？,"webrtc,websocket","WebRTC 主要用于实时音视频通信和点对点数据传输，其核心优势是低延迟、无中心服务器中转媒体流、支持NAT穿透和端到端加密。它基于UDP，内置JSEP协议、ICE、STUN/TURN，适合视频会议、在线教育、远程协作等对实时性要求高的场景。

WebSocket 是全双工通信协议，运行在TCP之上，提供浏览器与服务端之间的持久化文本或二进制消息通道，但不处理音视频编解码、抖动缓冲、丢包重传等实时媒体问题，适用于聊天、实时通知、协同编辑等需要可靠、有序消息的场景。

关键区别：WebRTC面向实时媒体与P2P数据，强调低延迟与自治连接；WebSocket面向服务端中心化、可靠消息传递。二者常互补使用——用WebSocket信令协商WebRTC连接，再由WebRTC承载音视频流。"
Agent体系与工程化,高可用,AGT13,Agent 服务高可用/稳健性怎么保证？（超时、重试、熔断、幂等、降级、观测）,"reliability,sre","我们通过多维度保障Agent服务的高可用与稳健性：  
超时：所有下游调用设置合理分级超时（如RPC 300ms、HTTP 800ms），避免线程阻塞；  
重试：对幂等性明确的失败（如网络超时、503）进行有限次指数退避重试，非幂等操作不自动重试；  
熔断：基于Hystrix或Resilience4j实现熔断器，错误率超阈值（如50%）自动熔断，休眠期后半开探测恢复；  
幂等：关键操作（如指令执行、状态变更）依赖唯一业务ID + 数据库唯一约束/Redis SetNX实现强幂等；  
降级：预置兜底逻辑（如返回缓存结果、默认策略、简化模型响应），支持配置中心动态开关；  
观测：全链路埋点+OpenTelemetry上报，集成Metrics（QPS、延迟、错误率）、Tracing（调用路径）、Logging（结构化日志），告警联动Prometheus+Alertmanager。  
所有策略均经过混沌工程验证，并纳入SLO保障体系。"
Agent体系与工程化,高并发,AGT14,LLM 服务并发太高怎么办？（限流、队列、优先级、动态路由、缓存、分层模型）,"concurrency,rate-limit",首先通过限流控制请求速率，如令牌桶或漏桶算法，防止突发流量压垮服务；其次引入异步队列（如Kafka/RabbitMQ）削峰填谷，解耦请求与处理；对请求按业务重要性设置优先级，保障高优任务低延迟；结合实时负载和模型性能指标，动态路由至空闲或匹配度更高的模型实例；对可缓存的高频、确定性查询（如固定问答、模板响应）使用LRU或TTL缓存；最后采用分层模型策略，简单请求由轻量模型快速响应，复杂请求才调度至大模型，实现资源分级利用。所有策略需配合监控告警与弹性扩缩容联动。
系统设计,分布式锁,SD01,短链系统的分布式锁怎么设计？（一致性、过期续租、幂等、容灾、热点）,"distributed-lock,shortlink","短链系统的分布式锁设计需兼顾高并发、低延迟与强一致性。核心采用Redisson的RedLock+看门狗机制，具体如下：

一致性：基于Redis集群部署多个独立节点，获取锁时需在大多数节点（N/2+1）成功加锁才视为成功，避免单点故障导致的脑裂问题；锁Key采用“shorturl:lock:{hash(short_url)}”做分片，降低热点。

过期续租：启用Redisson看门狗自动续期，默认30秒，业务线程活跃时每10秒续一次，避免因GC或网络抖动导致误释放；超时时间按最坏执行路径预估并预留缓冲。

幂等：锁Key绑定唯一业务ID（如原始长链+参数签名），且加锁前先查缓存/DB确认短链是否已存在，存在则直接返回，避免重复生成。

容灾：Redis集群故障时降级为本地Caffeine锁+限流熔断，同时异步写入MQ触发补偿任务；锁服务封装为独立SDK，支持配置化切换底层存储（如ZooKeeper备用方案）。

热点优化：对高频短链（如运营活动链接）采用“逻辑分桶+随机偏移”策略，将同一短链的锁请求分散到不同Redis分片；读多写少场景下，允许一定窗口内缓存穿透，用布隆过滤器前置拦截无效请求。"
系统设计,长文切割,SD02,给你一部长篇小说，怎么做文档切割？（章节/段落/实体、引用定位、层级索引）,"chunking,long-text","首先明确切割目标：服务于后续检索、摘要或RAG应用。  
结构化优先：按原始章节划分作为一级切片，保留标题、序号及元信息（如“第3章 暗涌”）；章节内若存在小节标题（如“3.1 雨夜”），则切为二级子块。  
段落级处理：避免硬截断，以完整语义为单位——单段不超过512字符，且不拆分列表、对话、代码块等结构化内容；长段落按标点（句号、问号、感叹号）在合理长度内切分，优先保全主谓宾完整。  
实体与引用定位：在切片时同步提取显式实体（人名、地名、组织名）及相对引用（如“前文提到的青鸾剑”“见第二章附录”），标注其原文位置（页码/行号/章节锚点），构建跨块索引。  
层级索引构建：建立三级索引树——根节点为书名，子节点为章节，叶子为段落块；每个块赋予唯一ID（如book_v1_ch3_p2），并关联实体标签、引用关系和向量化特征。  
全程保留原始偏移量与格式线索（如缩进、破折号），确保可逆回溯。"
系统设计,论文翻译,SD03,怎么做到论文翻译，并且格式尽可能和原文统一？（版式、公式、引用、图表、双语对齐）,"translation,format","要实现高质量的论文翻译并保持与原文高度一致的格式，需采用“人机协同、分层处理”策略：  
第一，预处理阶段使用LaTeX或Word的样式模板提取结构信息，保留标题层级、图表编号、公式标签、参考文献域代码；  
第二，对公式优先采用LaTeX源码直译，避免图片OCR转译，确保数学符号和排版精确；  
第三，图表说明文字双语对照处理，中文译文嵌入原图注位置，编号与交叉引用同步更新；  
第四，参考文献统一用Zotero或EndNote管理，中英文条目按目标期刊要求映射字段，引用标记（如\cite{}）保持不变，仅替换BibTeX条目语言字段；  
第五，最终用专业CAT工具（如Trados+LaTeX插件或Typst+自定义过滤器）实现段落级双语对齐，辅以人工校验版式微调。核心原则是：内容翻译由领域专家完成，格式控制交由源文档引擎自动维持。"
系统设计,客服助手,SD04,游戏社区客服助手怎么设计？（意图识别、知识库、工单流转、风控、情绪与敏感词）,"customer-support,assistant","游戏社区客服助手设计需围绕五个核心模块展开：

1. 意图识别：基于用户输入（文本/语音）构建多层级分类模型，融合规则引擎（如关键词+正则）与轻量级语义模型（如BERT微调），覆盖高频意图（如充值异常、账号封禁、活动咨询、外挂举报）；支持少样本冷启动和在线反馈闭环优化。

2. 知识库：采用结构化+非结构化混合架构——结构化知识沉淀FAQ、工单归因标签、版本更新日志；非结构化内容接入游戏Wiki、社区精华帖、客服话术库；通过向量检索（Embedding+ANN）实现语义匹配，并支持人工置顶、时效性标注与版本隔离。

3. 工单流转：定义标准化工单Schema（含渠道来源、紧急等级、游戏服区、关联账号、截图哈希等字段）；按意图+风险等级自动分派（如封号类直转风控组，技术问题转运维对接群）；嵌入SLA计时器与超时升级机制，关键节点留痕可溯。

4. 风控：部署多维实时策略——行为层面（同一IP短时高频提交、模拟器特征）、内容层面（敏感词+变体+上下文语义识别）、关系层面（关联黑产账号图谱）；高危请求自动拦截并触发人工复核，低危标记预警供客服参考。

5. 情绪与敏感词：情绪识别采用细粒度情感分析（区分愤怒、焦虑、失望），结合语气词、标点、重复字符等轻量特征；敏感词库分级管理（平台合规类、游戏术语类、玩家黑话类），支持动态热更新与上下文豁免（如“封号”在投诉中为负面，在攻略中为中性）；情绪高涨或检测到辱骂时，自动切换安抚话术、提速响应或转接高级客服。

整体强调人机协同：机器人解决70%标准化问题，复杂场景无缝转人工并同步上下文；所有模块数据联动，形成“识别-响应-处置-反馈-优化”闭环。"
系统设计,黑话术语,SD05,如何绑定游戏“黑话/术语”？如何沉淀与更新术语表？,"slang,terminology","绑定游戏黑话/术语，首先需通过多源采集——包括玩家社区（如NGA、TapTap评论）、客服工单、直播弹幕、内部策划文档及测试反馈，提取高频、歧义大、有业务影响的术语；其次由产品、运营、用研协同标注语境、定义、使用场景和正误示例，完成初步校验；最后嵌入研发流程，在PRD、UI文案、客服知识库、新手引导中强制引用术语表ID，实现强绑定。

术语表沉淀与更新采用“双轨机制”：日常由用研或运营专人维护轻量级在线协作文档（如腾讯文档），支持标签分类、版本留痕、变更审批；每季度结合版本迭代做专项治理——下线过时术语、合并近义词、补充新玩法衍生词，并同步至内部Wiki与培训材料。关键术语需在上线前完成跨角色对齐，确保研发、运营、客服理解一致。"
系统设计,定位代码问题,SD06,如何利用公司内部文档 + 线上问题，快速定位项目工程代码可能出错的地方？,"debugging,rag,code",首先梳理公司内部文档，重点关注架构设计、模块职责划分、接口协议和近期变更记录，快速建立系统认知。其次结合线上问题的现象（如错误日志、监控指标、用户反馈），定位到具体服务、接口或时间段。然后交叉比对：看异常是否发生在文档中标注的易错点（如降级逻辑、缓存穿透处理、第三方依赖超时配置）；检查近期上线的代码变更是否涉及相关模块。最后在对应工程代码中，聚焦日志埋点密集区、异常捕获块、边界条件判断和外部调用处进行重点排查。整个过程以“文档定范围、日志缩路径、代码验假设”为节奏，避免盲目搜索。
系统设计,数据分析到结论,SD07,面对大量结构化与非结构化数据，怎么分析并得出业务结论？（数据管道、指标体系、归因）,"analytics,insight","首先构建统一的数据管道，通过批流一体架构接入结构化数据（如数据库、日志）和非结构化数据（如文本、PDF、音视频），利用OCR、NLP、嵌入模型等技术完成清洗、解析与向量化，沉淀为标准宽表与特征库。

其次，围绕业务目标搭建分层指标体系：底层原子指标保障口径一致，中间层复合指标支撑场景分析（如转化率、留存率、LTV），上层业务看板聚焦核心北极星指标及归因漏斗。

最后，结合统计归因（Shapley值、逻辑回归系数）与机器学习归因（如DeepMCP），在控制混杂变量前提下量化各触点贡献；同时通过AB测试验证因果效应，确保结论可解释、可行动。整个过程强调“分析-假设-验证-迭代”，以业务问题为起点，以决策支持为终点。"
八股与底层原理,Go,BB-GO01,Go 内存分配策略是什么？（mspan/mcache/mcentral 等概念）,"go,memory","Go 使用基于 tcmalloc 的三级内存分配策略，核心组件包括 mspan、mcache、mcentral 和 mheap。

mspan 是内存管理的基本单位，由连续的页组成，按对象大小分类为不同规格（size class），每个 mspan 管理固定大小的对象，内部通过 bitmap 和 allocBits 实现快速分配与回收。

mcache 是每个 P（处理器）私有的本地缓存，包含一组按 size class 分类的空闲 mspan，用于无锁快速分配小对象，避免全局竞争。

mcentral 是全局中心缓存，按 size class 组织，每个 mcentral 包含 nonempty（有空闲对象）和 empty（全已分配）两个 mspan 双向链表；当 mcache 某类 span 耗尽时，从对应 mcentral 的 nonempty 链表获取；回收时归还至 empty 链表。

mheap 是堆的全局管理者，负责向操作系统申请大块内存（以页为单位），切分为 mspan 后分发给 mcentral；同时管理大对象（>32KB）的直接分配与回收，并协调 GC 标记清扫。

整体上，Go 通过多级缓存 + size class 分类 + 每 P 局部性设计，在低延迟与高并发下实现高效内存分配。"
八股与底层原理,Go,BB-GO02,GMP 模型是什么？调度流程与常见瓶颈？,"go,gmp,scheduler","GMP模型是Go语言运行时的并发调度模型，由G（Goroutine）、M（Machine，即OS线程）、P（Processor，即逻辑处理器/调度上下文）三部分构成。G代表轻量级协程，M代表与操作系统线程绑定的执行单元，P代表调度所需的资源上下文（含本地运行队列、内存分配器缓存等），数量默认等于CPU核心数。

调度流程为：创建G后，优先加入当前P的本地队列；若本地队列满，则尝试偷取其他P队列中的G（work-stealing）；若P无G可运行且本地/全局/其他P均空，则M进入休眠并关联到空闲M列表，或触发sysmon监控线程进行网络轮询、抢占检测等。

常见瓶颈包括：P数量固定导致高并发下争抢（如大量G阻塞在I/O或锁上，P被长期占用）；全局队列竞争（当本地队列溢出时需加锁写入全局队列）；系统调用阻塞M导致P闲置（需启用morestack或netpoll优化）；GC期间STW及写屏障开销影响调度响应；以及频繁跨P迁移G带来的缓存不友好和调度器开销。"
八股与底层原理,Go,BB-GO03,Go GC 原理是什么？（三色标记、STW、写屏障）如何调优？,"go,gc","Go GC 采用三色标记清除算法，基于并发标记和清扫。核心流程：初始 STW 扫描根对象并标记为黑色，随后并发标记阶段通过写屏障（如混合写屏障）捕获指针更新，确保被引用的对象不被误回收；标记完成后短暂 STW 进行清理，最后并发清扫内存。

STW 主要发生在两个阶段：GC 开始时的根扫描（通常 <100μs），以及标记终止时的栈重扫描。Go 1.22 后进一步缩短 STW，多数场景下可控制在百微秒级。

调优关键点有三：  
一是控制堆增长速率，通过 GOGC 环境变量或 debug.SetGCPercent 调整触发阈值，默认100（即堆增长100%时触发），降低该值可减少峰值内存但增加GC频率；  
二是避免短期大对象分配，优先复用对象（sync.Pool）、使用切片预分配、减少逃逸；  
三是监控指标，利用 runtime.ReadMemStats、pprof heap profile 和 GODEBUG=gctrace=1 观察GC频率、停顿、堆大小变化，定位内存泄漏或分配热点。  

根本原则是：优化分配行为比调参数更有效。"
八股与底层原理,Python,BB-PY01,Python 内存分配策略是什么？（引用计数、GC、pymalloc）常见坑有哪些？,"python,memory","Python内存分配采用三层策略：最底层是操作系统内存管理；中间层是PyMalloc，专为小对象（<512字节）优化，通过内存池减少系统调用和碎片；顶层是对象层，基于引用计数实现即时内存回收。同时配合循环垃圾收集器（GC）处理引用环，采用分代回收策略（三代，基于对象存活时间）。

常见坑包括：  
1. 引用计数无法处理循环引用，需依赖GC，但GC可能延迟触发，导致临时内存占用高；  
2. PyMalloc对小对象高效，但大对象直接走系统malloc，混合使用时易产生内存碎片；  
3. C扩展中手动管理PyObject引用时，忘记Py_INCREF/Py_DECREF易引发悬垂指针或提前释放；  
4. 在__del__方法中执行复杂操作（如修改全局状态、调用可能触发GC的代码），可能引发未定义行为或死锁；  
5. 多线程下GIL虽保证CPython解释器安全，但频繁创建销毁小对象仍可能因PyMalloc锁竞争影响性能。"
八股与底层原理,Redis,BB-RDS01,Redis 用过哪些数据结构/场景？,"redis,data-structure","用过String、Hash、List、Set、Sorted Set五种核心数据结构。  
String用于缓存热点数据、计数器、分布式锁的value；  
Hash适合存储对象，如用户信息，支持字段级操作，节省内存；  
List实现消息队列（如简单任务队列）、最新N条日志或评论；  
Set用于去重、标签管理、共同好友计算；  
Sorted Set支撑排行榜、延时队列（时间戳为score）、范围查询。  
此外，结合过Redis Streams做轻量级消息队列，以及用GEO处理地理位置相关需求。"
八股与底层原理,Redis,BB-RDS02,mget 底层是怎么实现的？与 pipeline/批量命令的差别？,"redis,mget,pipeline","mget 底层是通过一次网络请求将多个 key 打包发送，Redis 服务端在单次事件循环中依次查找各 key 并组装响应，整体原子执行、无中间状态，本质是服务端原生支持的批量读命令。

Pipeline 是客户端将多条命令（任意类型）合并为一个 TCP 包发送，服务端按顺序逐条执行并返回对应结果数组；它不保证原子性，也不减少服务端查找/执行开销，仅降低网络往返次数。

核心区别：  
- mget 是服务端内置优化命令，专用于多 key 读取，执行高效且语义明确；  
- pipeline 是通用机制，适用于任意命令组合，但需客户端自行组装、服务端串行处理，无语义优化；  
- mget 不支持跨 slot 的 Redis Cluster 场景（key 必须同槽），pipeline 在 Cluster 下需按 slot 拆分发送。"
八股与底层原理,Redis,BB-RDS03,zset 怎么实现的？（跳表 + 哈希）为什么这样设计？,"redis,zset,skiplist","ZSet底层采用跳表（SkipList）和哈希表（Hash Table）双结构实现。跳表负责维护元素的有序性，支持O(log N)的插入、删除、查找及按排名（rank）或分数范围（score range）查询；哈希表则通过成员（member）快速定位其对应分数（score），保证O(1)的成员存在性判断和分数获取。

这样设计是为了在兼顾有序性与查询效率的同时，满足Redis对ZSet的核心使用场景：既要按分数排序、支持范围查询和排名操作，又要能高效判断成员是否存在、获取其分数。单纯用平衡树实现复杂度高、工程成本大；仅用哈希表无法支持有序操作；而跳表实现简单、并发友好、性能稳定，配合哈希表恰好弥补彼此短板，是空间与时间、实现复杂度与功能需求之间的最优折中。"
八股与底层原理,MySQL,BB-DB01,MySQL 索引怎么设计最好？（联合索引、覆盖索引、最左匹配、回表）,"mysql,index",索引设计应遵循“查询驱动、精简高效”原则。首先，优先使用联合索引替代多个单列索引，按查询条件中字段的过滤性（区分度）和出现频率从高到低排序，满足最左匹配原则——查询必须从联合索引最左侧字段开始连续使用，否则无法命中索引。其次，尽量设计为覆盖索引，即SELECT字段和WHERE/ORDER BY/GROUP BY涉及的字段全部包含在索引中，避免回表。回表是通过二级索引找到主键后再回聚簇索引查数据的过程，开销大，可通过覆盖索引或延迟关联优化。最后，控制索引长度，避免冗余字段和过长字符串，必要时用前缀索引；定期分析执行计划，结合慢查询日志与EXPLAIN验证索引有效性。
八股与底层原理,MySQL,BB-DB02,数据库隔离级别有哪些？各自解决/引入什么问题？,"mysql,isolation","数据库隔离级别有四种：读未提交、读已提交、可重复读、串行化。

读未提交：最低级别，允许读取未提交的脏数据，可能引发脏读、不可重复读、幻读。

读已提交：避免脏读，但不可重复读和幻读仍可能发生；通过事务开始时创建快照或加行级锁实现。

可重复读：避免脏读和不可重复读，但幻读仍可能发生（MySQL InnoDB通过间隙锁+MVCC解决了大部分幻读）；并发性能较好，是多数场景默认级别。

串行化：最高级别，强制事务串行执行，彻底避免脏读、不可重复读、幻读；但严重牺牲并发性能，通常仅用于强一致性关键场景。

各隔离级别在一致性和性能间权衡：级别越高，一致性越强，但开销越大、并发度越低。"
八股与底层原理,MySQL,BB-DB03,MVCC 是怎么实现的？（undo log、版本链、read view）,"mysql,mvcc","MVCC通过undo log、版本链和ReadView协同实现。  
事务开始时生成ReadView，记录当前活跃事务ID列表及最小/最大事务ID。  
每行数据包含隐藏字段：trx_id（最近修改事务ID）、roll_ptr（指向undo log中旧版本的指针）。  
更新时，将旧值写入undo log，并用roll_ptr串联形成版本链。  
查询时，根据ReadView判断版本可见性：若版本trx_id小于min_trx_id或在m_ids中不存在且小于max_trx_id，则可见；否则沿roll_ptr查找上一版本，直至找到可见版本或链尾。  
这样实现了不加锁的快照读，提升并发性能。"
八股与底层原理,分布式锁,BB-DLK01,分布式锁通常怎么实现？（Redis、ZK、Etcd）各自语义差异？,distributed-lock,"分布式锁常见实现方式有Redis、ZooKeeper和Etcd三种，核心差异在于一致性模型、锁语义和故障处理机制。

Redis：基于SET NX + EX原子命令或Redlock算法（多实例防止单点故障），但依赖时间戳和时钟同步，无法严格保证强一致性；锁释放依赖客户端主动DEL或超时自动过期，存在误删风险（需Lua脚本校验value）；语义为“尽力而为”的租约锁，不提供等待队列和唤醒机制。

ZooKeeper：基于临时顺序节点+Watch机制，天然支持可重入、阻塞等待、公平锁；会话超时后节点自动删除，避免死锁；提供强一致性和有序性（ZAB协议），锁语义更严谨，适合对可靠性要求高的场景。

Etcd：基于Lease + CompareAndSwap（CAS）实现，支持租约续期、自动过期和监听机制；通过Revision和LeaseID确保操作原子性与线性一致性（Raft协议）；语义介于Redis和ZK之间：比Redis强，但原生不支持阻塞等待，需客户端轮询或Watch实现。

总结：Redis轻量但弱语义，ZK语义最完整但运维复杂，Etcd在一致性、可用性与易用性间取得较好平衡。"
八股与底层原理,分布式锁,BB-DLK02,如何避免死锁/误删锁/锁漂移？（过期、续租、token 校验）,"distributed-lock,safety","避免死锁、误删锁和锁漂移，核心是保证锁的互斥性、时效性和持有者一致性。具体措施如下：

1. **加锁时设置合理过期时间**：防止因服务宕机或异常导致锁长期不释放，过期时间需略大于业务最大执行时间。

2. **使用唯一随机 token（如 UUID）作为锁值**：加锁时写入 token，解锁前先校验当前锁的 value 是否与自身 token 一致，避免误删他人持有的锁。

3. **续租机制（Lease Renewal）**：对长时任务，启用后台心跳线程定期延长锁过期时间（如 Redis 的 `PEXPIRE`），续租前仍需校验 token，防止锁已失效或被抢占。

4. **原子性操作保障**：加锁用 `SET key token NX PX timeout`，解锁用 Lua 脚本保证“校验+删除”原子执行，避免竞态。

5. **锁漂移防护**：禁用主从异步复制环境下的单节点 Redis 锁；高可用场景优先选用 Redlock（需谨慎评估其有效性）或强一致分布式锁组件（如 etcd 的 lease + compare-and-delete）。

本质是：锁必须可识别、可验证、可回收，且所有操作具备原子性与一致性。"
八股与底层原理,Kafka,BB-KFK01,Kafka rebalance 是什么？会产生哪些问题（抖动、延迟、重复消费）？,"kafka,rebalancing","Kafka rebalance 是消费者组内成员变更（如新增/退出消费者、订阅主题分区变化或会话超时）时，协调者（Coordinator）重新分配分区给各消费者的协作过程。它基于 Group Protocol 协议，需所有存活成员参与并达成一致。

Rebalance 会产生三类典型问题：  
1. 抖动：频繁触发 rebalance（如心跳超时、GC停顿、网络抖动）导致消费者反复加入退出，资源开销大、消费停滞；  
2. 延迟：rebalance 期间所有消费者暂停拉取消息，积压增加，端到端延迟上升；  
3. 重复消费：若消费者在提交 offset 后、rebalance 完成前崩溃，新分配的消费者将从上次已提交位置开始拉取，导致部分消息被重复处理（at-least-once 语义下的固有风险）。  

根本缓解需优化消费者稳定性（调优 session.timeout.ms、heartbeat.interval.ms、GC）、避免手动触发 rebalance（如循环创建消费者实例），必要时启用 static membership 减少不必要的重平衡。"
八股与底层原理,Kafka,BB-KFK02,怎么保证数据不丢？（ack、ISR、幂等、事务、重试、DLQ）,"kafka,reliability","通过多层机制协同保障数据不丢：  
1. 生产端启用acks=all，确保消息被ISR中所有副本同步写入；  
2. 合理配置ISR最小同步副本数（min.insync.replicas）并配合unclean.leader.election.enable=false，避免数据丢失型选举；  
3. 开启幂等生产者（enable.idempotence=true），防止重试导致的重复；  
4. 对强一致性场景使用事务API（initTransactions、beginTransaction、commitTransaction），保证多分区多会话原子写入；  
5. 客户端实现指数退避重试，配合超时与最大重试次数控制；  
6. 不可恢复失败消息路由至死信队列（DLQ），人工介入排查修复。  
各机制按需组合，兼顾可靠性与性能。"
八股与底层原理,FastAPI,BB-API01,FastAPI 设计原理是什么？（ASGI、依赖注入、协程、类型提示带来的好处）,"fastapi,asgi","FastAPI 的设计原理基于四个核心支柱：  
第一，基于 ASGI 规范，支持异步请求处理和高并发，比传统 WSGI 框架更高效；  
第二，内置依赖注入系统，声明式定义依赖，自动解析、复用和作用域管理，提升可测试性与模块解耦；  
第三，原生支持协程（async/await），允许非阻塞 I/O 操作，如数据库查询、HTTP 调用，显著提升吞吐量；  
第四，深度集成 Python 类型提示，自动生成 OpenAPI 文档、进行请求验证、序列化和错误反馈，实现“代码即文档”与强类型安全。  
四者协同，使 FastAPI 在开发效率、运行性能和维护性上达到统一。"
八股与底层原理,网络协议,BB-NET01,Go net/http 如何处理 TCP 粘包问题？（从协议/分帧角度解释）,"network,tcp",net/http 不需要处理 TCP 粘包问题，因为 HTTP 是应用层协议，本身具有明确的分帧机制。HTTP/1.x 通过首行、头部空行、Content-Length 或 Transfer-Encoding: chunked 等字段界定消息边界；HTTP/2 则基于二进制帧（Frame）结构，每个帧含固定长度头部（9 字节），明确标识类型、长度和流标识。底层 TCP 的字节流粘包由 net/http 在解析时自动处理：读取足够字节后按协议规则拆分完整请求/响应，无需用户干预。因此，粘包是传输层概念，而 net/http 基于协议语义完成可靠的消息解耦。
八股与底层原理,网络协议,BB-NET02,HTTP/2 是什么？比 HTTP/1.1 有什么优势？（多路复用、HPACK、流控）,http2,"HTTP/2 是 HTTP 协议的第二个主要版本，于 2015 年标准化，旨在解决 HTTP/1.1 的性能瓶颈。相比 HTTP/1.1，其核心优势包括：

1. 多路复用：在单个 TCP 连接上并行传输多个请求和响应，消除队头阻塞（HOL Blocking），避免因排队等待导致的延迟。

2. HPACK 头部压缩：采用静态表+动态表+哈夫曼编码，显著减少头部体积，降低冗余传输，提升效率，尤其对小请求效果明显。

3. 流量控制：基于帧的细粒度流控机制，由接收方动态控制每个流的数据接收速率，避免缓冲区溢出，提升连接稳定性与资源利用率。

此外，HTTP/2 还支持服务器推送（已弃用）、二进制分帧、请求优先级等特性，整体提升了传输效率、并发能力和网络适应性。"
八股与底层原理,Linux,BB-LNX01,Linux 网络性能调优有哪些常用手段？（sysctl、队列、拥塞控制、抓包与观测）,"linux,network,tuning","Linux网络性能调优常用手段包括：

1. sysctl调优：通过修改/proc/sys/net/ipv4/等参数优化协议栈行为，如增大net.ipv4.tcp_rmem/wmem、启用tcp_tw_reuse、调整tcp_fin_timeout、关闭tcp_sack或tcp_timestamps（特定场景），以及优化连接队列相关参数如net.core.somaxconn和net.core.netdev_max_backlog。

2. 队列优化：调整网卡接收/发送队列长度（ethtool -G）、启用RSS/RPS/RFS实现软中断负载均衡；合理配置qdisc（如替换默认pfifo_fast为fq或fq_codel）以降低延迟与缓冲膨胀。

3. 拥塞控制算法选择：根据业务场景切换CC算法，如高带宽长肥管道用bbr，内网低延迟场景用cubic或westwood，通过sysctl net.ipv4.tcp_congestion_control或ip route改变per-route策略。

4. 抓包与观测：使用tcpdump、Wireshark抓包分析重传、乱序、窗口停滞；结合ss -i、sar -n、nethogs、iftop定位连接与流量异常；利用perf、bcc工具（如tcplife、tcpretrans）进行内核级深度观测；配合dropwatch、/proc/net/snmp排查丢包根因。

所有调优需基于实际观测数据，避免盲目修改，并做好变更记录与效果验证。"
八股与底层原理,Linux,BB-LNX02,如何定位 Linux 中的 pid、端口号等问题？常用命令链路是什么？,"linux,debugging","定位 Linux 中的 PID 和端口号问题，常用命令链路如下：

查端口对应 PID：  
netstat -tulnp | grep :端口号  
或更推荐：  
ss -tulnp | grep :端口号  

查进程 PID 及监听端口：  
lsof -i :端口号  
或查指定进程名的端口：  
lsof -i -P -n | grep 进程名  

查 PID 对应进程详情：  
ps -p PID -o pid,ppid,cmd,%mem,%cpu,user,tty,time  
或简要查看：  
ps aux | grep PID  

查端口被哪个进程占用（无权限时可加 sudo）：  
sudo lsof -i :端口号  
sudo ss -tulnp | grep :端口号  

补充排查：  
- 检查端口是否在监听：nc -zv 127.0.0.1 端口号  
- 查看防火墙是否拦截：sudo ufw status / sudo firewall-cmd --list-all  

核心链路建议：先用 ss 或 lsof 定位 PID，再用 ps 或 cat /proc/PID/{cmdline,status} 深入分析。"
